seq_len,d_model,nhead,batch_size,memory_mb,time_ms,tokens_per_sec
512,512,8,4,93.025390625,0.787043571472168,2602143.1013904456
1024,512,8,4,141.025390625,1.684737205505371,2431239.7130039767
2048,512,8,4,236.025390625,3.8294076919555664,2139234.226015926
4096,512,8,4,428.025390625,10.744142532348633,1524923.92488938
8192,512,8,4,812.025390625,34.54716205596924,948500.4859997806
