seq_len,d_model,nhead,batch_size,memory_mb,time_ms,tokens_per_sec
512,512,8,4,78.025390625,0.6819963455200195,3002948.6425450095
1024,512,8,4,110.025390625,1.4116764068603516,2901514.808984969
2048,512,8,4,173.025390625,3.0929088592529297,2648639.314246951
4096,512,8,4,301.025390625,8.632922172546387,1897851.002538036
8192,512,8,4,557.025390625,28.383898735046387,1154457.3318090527
